{
  "gemma3_27b__zero_shot_direct": {
    "overall_em": 88.1779440044327,
    "western": 96.81724845995893,
    "non_western": 84.72222222222223,
    "gap": 12.095026237736704,
    "cat4": 65.3030303030303,
    "cats": {
      "cat_1": 100.0,
      "cat_2": 98.38095238095238,
      "cat_3": 84.85714285714286,
      "cat_4": 74.52890247007895
    },
    "hops": {
      "hop_1": 89.26460639906976,
      "hop_2": 91.16803212735826,
      "hop_3": 81.1576354679803,
      "hop_4": 94.35374149659864,
      "hop_5": null,
      "hop_6": null
    },
    "errors": 0
  },
  "gemma3_27b__zero_shot_cot": {
    "overall_em": 60.24263116152232,
    "western": 64.78439425051334,
    "non_western": 58.425925925925924,
    "gap": 6.35846832458742,
    "cat4": 35.75757575757576,
    "cats": {
      "cat_1": 77.14285714285714,
      "cat_2": 66.85714285714286,
      "cat_3": 67.85714285714286,
      "cat_4": 41.58390628978864
    },
    "hops": {
      "hop_1": 69.4545791326795,
      "hop_2": 48.35707374985621,
      "hop_3": 54.1871921182266,
      "hop_4": 76.12244897959184,
      "hop_5": null,
      "hop_6": null
    },
    "errors": 0
  },
  "gemma3_27b__few_shot_cot": {
    "overall_em": 86.56076507719219,
    "western": 97.63860369609856,
    "non_western": 82.12962962962963,
    "gap": 15.508974066468923,
    "cat4": 54.24242424242425,
    "cats": {
      "cat_1": 100.0,
      "cat_2": 99.90476190476191,
      "cat_3": 85.57142857142857,
      "cat_4": 66.93404634581105
    },
    "hops": {
      "hop_1": 90.18302559031588,
      "hop_2": 82.01046150865953,
      "hop_3": 81.65024630541872,
      "hop_4": 99.03401360544217,
      "hop_5": null,
      "hop_6": null
    },
    "errors": 0
  },
  "deepseek_r1_32b__zero_shot_direct": {
    "overall_em": 79.23341536021208,
    "western": 92.71047227926078,
    "non_western": 73.8425925925926,
    "gap": 18.86787968666819,
    "cat4": 41.06060606060606,
    "cats": {
      "cat_1": 89.14285714285714,
      "cat_2": 94.57142857142857,
      "cat_3": 82.14285714285714,
      "cat_4": 55.83778966131907
    },
    "hops": {
      "hop_1": 83.47584425350193,
      "hop_2": 75.49349607532345,
      "hop_3": 70.32019704433498,
      "hop_4": 96.80272108843538,
      "hop_5": null,
      "hop_6": null
    },
    "errors": 0
  },
  "deepseek_r1_32b__zero_shot_cot": {
    "overall_em": 60.850702932325106,
    "western": 61.70431211498973,
    "non_western": 60.50925925925926,
    "gap": 1.1950528557304736,
    "cat4": 33.333333333333336,
    "cats": {
      "cat_1": 62.57142857142857,
      "cat_2": 73.14285714285714,
      "cat_3": 76.14285714285714,
      "cat_4": 36.64374840845429
    },
    "hops": {
      "hop_1": 69.77870778667716,
      "hop_2": 52.36306262314023,
      "hop_3": 47.660098522167495,
      "hop_4": 84.24489795918369,
      "hop_5": null,
      "hop_6": null
    },
    "errors": 0
  },
  "deepseek_r1_32b__few_shot_cot": {
    "overall_em": 84.31901393913715,
    "western": 98.35728952772074,
    "non_western": 78.7037037037037,
    "gap": 19.653585824017043,
    "cat4": 42.72727272727273,
    "cats": {
      "cat_1": 100.0,
      "cat_2": 99.90476190476191,
      "cat_3": 86.14285714285714,
      "cat_4": 59.090909090909086
    },
    "hops": {
      "hop_1": 90.18302559031588,
      "hop_2": 77.17630571354223,
      "hop_3": 77.83251231527093,
      "hop_4": 100.0,
      "hop_5": null,
      "hop_6": null
    },
    "errors": 0
  },
  "qwen3_32b__zero_shot_direct": {
    "overall_em": 81.9967976923829,
    "western": 92.1971252566735,
    "non_western": 77.91666666666667,
    "gap": 14.28045859000683,
    "cat4": 44.84848484848485,
    "cats": {
      "cat_1": 99.42857142857143,
      "cat_2": 96.0,
      "cat_3": 86.14285714285714,
      "cat_4": 56.93913929208047
    },
    "hops": {
      "hop_1": 89.97966765139563,
      "hop_2": 80.2807454160018,
      "hop_3": 74.50738916256158,
      "hop_4": 85.3061224489796,
      "hop_5": null,
      "hop_6": null
    },
    "errors": 0
  },
  "qwen3_32b__zero_shot_cot": {
    "overall_em": 79.646265875732,
    "western": 90.4517453798768,
    "non_western": 75.32407407407408,
    "gap": 15.127671305802721,
    "cat4": 48.78787878787879,
    "cats": {
      "cat_1": 96.0,
      "cat_2": 87.14285714285714,
      "cat_3": 84.57142857142857,
      "cat_4": 61.051693404634584
    },
    "hops": {
      "hop_1": 88.04647821253617,
      "hop_2": 68.00150965113647,
      "hop_3": 73.0295566502463,
      "hop_4": 98.62585034013605,
      "hop_5": null,
      "hop_6": null
    },
    "errors": 0
  },
  "qwen3_32b__few_shot_cot": {
    "overall_em": 86.04605999369859,
    "western": 98.15195071868584,
    "non_western": 81.20370370370371,
    "gap": 16.94824701498213,
    "cat4": 51.36363636363636,
    "cats": {
      "cat_1": 100.0,
      "cat_2": 100.0,
      "cat_3": 85.28571428571429,
      "cat_4": 65.25974025974025
    },
    "hops": {
      "hop_1": 89.57358414088847,
      "hop_2": 81.89256161480986,
      "hop_3": 79.92610837438424,
      "hop_4": 100.0,
      "hop_5": null,
      "hop_6": null
    },
    "errors": 0
  }
}