{
  "title": "Table 7: Performance by N-Hops Complexity",
  "description": "Averaged across models. Gap = Western - Non-Western.",
  "columns": [
    "System Type",
    "1-hop",
    "2-hop",
    "3-hop",
    "4-hop"
  ],
  "data": [
    {
      "system_type": "Western",
      "hop1": 92.98561151079137,
      "hop2": 98.75328083989501,
      "hop3": 97.5574712643678,
      "hop4": 86.74603174603175
    },
    {
      "system_type": "Non-Western",
      "hop1": 87.21309456423332,
      "hop2": 83.5518818463398,
      "hop3": 68.53448275862068,
      "hop4": 86.13333333333334
    },
    {
      "system_type": "\u0394 Gap",
      "hop1": 5.772516946558056,
      "hop2": 15.201398993555216,
      "hop3": 29.022988505747122,
      "hop4": 0.612698412698407
    }
  ]
}