{
  "description": "Orthogonal 2x2 decomposition of fictional-label Cat.4 gain into system-name swap vs kin-term swap. Restricted to the five non-Western kinship systems (Hawaiian, Iroquois, Dravidian, Crow, Omaha) across 3 open-source models.",
  "models": [
    "gemma3_27b",
    "deepseek_r1_32b",
    "qwen3_32b"
  ],
  "systems": [
    "hawaiian",
    "iroquois",
    "dravidian",
    "crow",
    "omaha"
  ],
  "conditions": {
    "real": "results_{model}_zero_shot_direct",
    "fictional": "results_fictional_{model}_zero_shot_direct",
    "system_only": "results_fictional_system_only_{model}_zero_shot_direct",
    "term_only": "results_fictional_term_only_{model}_zero_shot_direct"
  },
  "cells": [
    {
      "model": "gemma3_27b",
      "system": "hawaiian",
      "real_n": 132,
      "real_em": 0.6893939393939394,
      "fictional_n": 132,
      "fictional_em": 0.6439393939393939,
      "system_only_n": 132,
      "system_only_em": 0.696969696969697,
      "term_only_n": 132,
      "term_only_em": 0.6363636363636364,
      "delta_full": -0.045454545454545525,
      "delta_sys": 0.007575757575757569,
      "delta_term": -0.053030303030303094,
      "sum_sys_term": -0.045454545454545525,
      "interaction": 0.0
    },
    {
      "model": "gemma3_27b",
      "system": "iroquois",
      "real_n": 132,
      "real_em": 0.6666666666666666,
      "fictional_n": 132,
      "fictional_em": 0.7196969696969697,
      "system_only_n": 132,
      "system_only_em": 0.6515151515151515,
      "term_only_n": 132,
      "term_only_em": 0.7121212121212122,
      "delta_full": 0.053030303030303094,
      "delta_sys": -0.015151515151515138,
      "delta_term": 0.045454545454545525,
      "sum_sys_term": 0.030303030303030387,
      "interaction": 0.022727272727272707
    },
    {
      "model": "gemma3_27b",
      "system": "dravidian",
      "real_n": 132,
      "real_em": 0.7954545454545454,
      "fictional_n": 132,
      "fictional_em": 0.8333333333333334,
      "system_only_n": 132,
      "system_only_em": 0.7954545454545454,
      "term_only_n": 132,
      "term_only_em": 0.8333333333333334,
      "delta_full": 0.037878787878787956,
      "delta_sys": 0.0,
      "delta_term": 0.037878787878787956,
      "sum_sys_term": 0.037878787878787956,
      "interaction": 0.0
    },
    {
      "model": "gemma3_27b",
      "system": "crow",
      "real_n": 132,
      "real_em": 0.6363636363636364,
      "fictional_n": 132,
      "fictional_em": 0.5909090909090909,
      "system_only_n": 132,
      "system_only_em": 0.5909090909090909,
      "term_only_n": 132,
      "term_only_em": 0.6060606060606061,
      "delta_full": -0.045454545454545414,
      "delta_sys": -0.045454545454545414,
      "delta_term": -0.030303030303030276,
      "sum_sys_term": -0.07575757575757569,
      "interaction": 0.030303030303030276
    },
    {
      "model": "gemma3_27b",
      "system": "omaha",
      "real_n": 132,
      "real_em": 0.4772727272727273,
      "fictional_n": 132,
      "fictional_em": 0.5303030303030303,
      "system_only_n": 132,
      "system_only_em": 0.48484848484848486,
      "term_only_n": 132,
      "term_only_em": 0.5303030303030303,
      "delta_full": 0.05303030303030298,
      "delta_sys": 0.007575757575757569,
      "delta_term": 0.05303030303030298,
      "sum_sys_term": 0.06060606060606055,
      "interaction": -0.007575757575757569
    },
    {
      "model": "deepseek_r1_32b",
      "system": "hawaiian",
      "real_n": 132,
      "real_em": 0.6212121212121212,
      "fictional_n": 132,
      "fictional_em": 0.6136363636363636,
      "system_only_n": 132,
      "system_only_em": 0.5757575757575758,
      "term_only_n": 132,
      "term_only_em": 0.6136363636363636,
      "delta_full": -0.007575757575757569,
      "delta_sys": -0.045454545454545414,
      "delta_term": -0.007575757575757569,
      "sum_sys_term": -0.05303030303030298,
      "interaction": 0.045454545454545414
    },
    {
      "model": "deepseek_r1_32b",
      "system": "iroquois",
      "real_n": 132,
      "real_em": 0.3787878787878788,
      "fictional_n": 132,
      "fictional_em": 0.4621212121212121,
      "system_only_n": 132,
      "system_only_em": 0.3939393939393939,
      "term_only_n": 132,
      "term_only_em": 0.45454545454545453,
      "delta_full": 0.08333333333333331,
      "delta_sys": 0.015151515151515138,
      "delta_term": 0.07575757575757575,
      "sum_sys_term": 0.09090909090909088,
      "interaction": -0.007575757575757569
    },
    {
      "model": "deepseek_r1_32b",
      "system": "dravidian",
      "real_n": 132,
      "real_em": 0.5151515151515151,
      "fictional_n": 132,
      "fictional_em": 0.6515151515151515,
      "system_only_n": 132,
      "system_only_em": 0.4772727272727273,
      "term_only_n": 132,
      "term_only_em": 0.6439393939393939,
      "delta_full": 0.13636363636363635,
      "delta_sys": -0.037878787878787845,
      "delta_term": 0.12878787878787878,
      "sum_sys_term": 0.09090909090909094,
      "interaction": 0.045454545454545414
    },
    {
      "model": "deepseek_r1_32b",
      "system": "crow",
      "real_n": 132,
      "real_em": 0.32575757575757575,
      "fictional_n": 132,
      "fictional_em": 0.30303030303030304,
      "system_only_n": 132,
      "system_only_em": 0.30303030303030304,
      "term_only_n": 132,
      "term_only_em": 0.30303030303030304,
      "delta_full": -0.022727272727272707,
      "delta_sys": -0.022727272727272707,
      "delta_term": -0.022727272727272707,
      "sum_sys_term": -0.045454545454545414,
      "interaction": 0.022727272727272707
    },
    {
      "model": "deepseek_r1_32b",
      "system": "omaha",
      "real_n": 132,
      "real_em": 0.21212121212121213,
      "fictional_n": 132,
      "fictional_em": 0.3106060606060606,
      "system_only_n": 132,
      "system_only_em": 0.29545454545454547,
      "term_only_n": 132,
      "term_only_em": 0.21212121212121213,
      "delta_full": 0.09848484848484848,
      "delta_sys": 0.08333333333333334,
      "delta_term": 0.0,
      "sum_sys_term": 0.08333333333333334,
      "interaction": 0.015151515151515138
    },
    {
      "model": "qwen3_32b",
      "system": "hawaiian",
      "real_n": 132,
      "real_em": 0.5454545454545454,
      "fictional_n": 132,
      "fictional_em": 0.6136363636363636,
      "system_only_n": 132,
      "system_only_em": 0.6893939393939394,
      "term_only_n": 132,
      "term_only_em": 0.4393939393939394,
      "delta_full": 0.06818181818181823,
      "delta_sys": 0.14393939393939403,
      "delta_term": -0.10606060606060602,
      "sum_sys_term": 0.03787878787878801,
      "interaction": 0.03030303030303022
    },
    {
      "model": "qwen3_32b",
      "system": "iroquois",
      "real_n": 132,
      "real_em": 0.4621212121212121,
      "fictional_n": 132,
      "fictional_em": 0.6287878787878788,
      "system_only_n": 132,
      "system_only_em": 0.5378787878787878,
      "term_only_n": 132,
      "term_only_em": 0.3484848484848485,
      "delta_full": 0.16666666666666669,
      "delta_sys": 0.07575757575757575,
      "delta_term": -0.11363636363636359,
      "sum_sys_term": -0.037878787878787845,
      "interaction": 0.20454545454545453
    },
    {
      "model": "qwen3_32b",
      "system": "dravidian",
      "real_n": 132,
      "real_em": 0.5,
      "fictional_n": 132,
      "fictional_em": 0.6363636363636364,
      "system_only_n": 132,
      "system_only_em": 0.5151515151515151,
      "term_only_n": 132,
      "term_only_em": 0.4621212121212121,
      "delta_full": 0.13636363636363635,
      "delta_sys": 0.015151515151515138,
      "delta_term": -0.0378787878787879,
      "sum_sys_term": -0.022727272727272763,
      "interaction": 0.15909090909090912
    },
    {
      "model": "qwen3_32b",
      "system": "crow",
      "real_n": 132,
      "real_em": 0.44696969696969696,
      "fictional_n": 132,
      "fictional_em": 0.5378787878787878,
      "system_only_n": 132,